bus_name,gen_name,point,fuel,capacity
NEW BRAUNFELS 1 4,gen-337,POINT (-98.01776 29.73063536424969),GT,296.7
ROCKDALE 1 4,gen-297,POINT (-97.05143200000002 30.543395120510592),ST,793.8
HOUSTON 4 7,gen-416,POINT (-95.39032 29.710730290334997),GT,9.0
GRANBURY 2 2,gen-243,POINT (-97.695516 32.39545698610208),GT,107.28
SANTA ROSA 1 6,gen-147,POINT (-97.86341200000001 26.236589289888013),ST,33.6
SEGUIN 1 3,gen-304,POINT (-97.968175 29.586481951645997),GT,282.06
HOUSTON 6 0,gen-478,POINT (-95.215109 29.819702359047994),GT,86.4
BAYTOWN 1 6,gen-424,POINT (-94.90886 29.66407749898689),GT,214.2
ELMENDORF 7,gen-316,POINT (-98.37746 29.243821991832494),GT,357.6
LA GRANGE 4,gen-283,POINT (-96.738 29.897696281486102),ST,676.0
SANTA ROSA 1 2,gen-143,POINT (-97.86341200000001 26.249505030103),ST,28.2
LAPORTE 6,gen-395,POINT (-95.05478700000002 29.717708495644203),GT,247.86
THOMPSONS 7,gen-456,POINT (-95.62606 29.4724578910226),GT,821.04
MIDLOTHIAN 1 0,gen-260,POINT (-97.04938 32.42776911654429),GT,169.56
HOUSTON 3 2,gen-391,POINT (-95.63680900000001 29.715699801118316),GT,5.16
LA GRANGE 3,gen-282,POINT (-96.738 29.900817133061903),ST,676.0
AUSTIN 2 3,gen-320,POINT (-97.60786 30.204511022719487),GT,232.8
ALVIN 0,gen-497,POINT (-95.18288 29.422491490378206),GT,206.64
DEER PARK 5,gen-383,POINT (-95.12381600000002 29.715368817076214),GT,61.2
FREEPORT 2 0,gen-506,POINT (-95.396681 28.98499101570269),GT,120.62
DALLAS 1 4,gen-186,POINT (-96.63940400000001 32.6398201402831),GT,370.16
PALO PINTO 1 5,gen-250,POINT (-98.29770000000002 32.630060146814),GT,142.56
PALO PINTO 1 6,gen-251,POINT (-98.29770000000002 32.6270282848396),GT,142.56
SHERMAN 1 2,gen-64,POINT (-96.60529300000002 33.56982578902888),GT,321.28
MOUNT PLEASANT 1 5,gen-537,POINT (-95.02910000000001 33.072847528477894),ST,792.0
THOMPSONS 12,gen-461,POINT (-95.62606 29.466189432670404),GT,270.24
HOUSTON 4 6,gen-415,POINT (-95.39032 29.711980978288217),GT,42.0
LAREDO 1 2,gen-152,POINT (-99.49630000000002 27.553136129810902),GT,158.16
WHARTON 1 4,gen-441,POINT (-96.0557 29.2713145918019),GT,116.02
WHARTON 1 7,gen-444,POINT (-96.0557 29.2618931646043),GT,232.04
HOUSTON 5 9,gen-409,POINT (-95.52556 29.927661163320906),GT,105.26
POINT COMFORT 2 8,gen-374,POINT (-96.5291 28.65932573690569),GT,137.88
FREEPORT 1 3,gen-445,POINT (-95.3294 28.969964483562304),GT,149.37
BRIDGEPORT 2,gen-233,POINT (-97.90820000000001 33.1835960437718),GT,12.48
SAVOY 3,gen-42,POINT (-96.355005 33.612404490515004),GT,470.16
BROWNSVILLE 1 0,gen-175,POINT (-97.51060000000001 25.906623725411485),GT,320.4
SEGUIN 1 5,gen-306,POINT (-97.968175 29.583977439612106),GT,282.06
MARION 1 6,gen-279,POINT (-98.13686 29.6140723709441),GT,217.64
CHANNELVIEW 1 6,gen-468,POINT (-95.10269000000001 29.807041576657696),GT,128.72
SAN ANTONIO 2 9,gen-275,POINT (-98.60886 29.57481164891341),GT,68.88
ELMENDORF 4,gen-313,POINT (-98.37746 29.247591332742893),GT,219.6
DALLAS 1 9,gen-191,POINT (-96.63940400000001 32.63375697501),GT,370.16
GRANBURY 1 4,gen-226,POINT (-97.719086 32.32129145601041),GT,315.36
HOUSTON 6 0,gen-481,POINT (-95.215109 29.819702359047994),GT,172.8
FANNIN 2,gen-122,POINT (-97.192567 28.697012109351192),ST,746.88
BASTROP 3,gen-262,POINT (-97.2582 30.132368407185808),GT,255.6
GLEN ROSE 1 3,gen-213,POINT (-97.772915 32.279344270529684),ST,1458.0
HOUSTON 4 11,gen-420,POINT (-95.39032 29.705727382735684),GT,277.14
HOUSTON 5 7,gen-407,POINT (-95.52556 29.93015710127161),GT,132.72
FREEPORT 2 0,gen-508,POINT (-95.396681 28.98499101570269),GT,97.2
ODESSA 1 3,gen-28,POINT (-102.31380000000001 31.802828482374792),GT,230.56
DALLAS 2 2,gen-227,POINT (-96.93076 32.7155280424052),GT,340.88
WILLIS 1 0,gen-476,POINT (-95.51059999999998 30.429391969007707),GT,651.36
SANTA ROSA 1 1,gen-142,POINT (-97.86341200000001 26.252733740863814),ST,1.68
CEDAR CREEK 1 4,gen-334,POINT (-97.54496000000002 30.138016940736197),GT,247.48
GRANBURY 1 3,gen-225,POINT (-97.719086 32.324333632451896),GT,315.36
GRAHAM 3,gen-194,POINT (-98.59910000000002 33.118571889248805),GT,380.82
PEARSALL 2,gen-154,POINT (-99.07930000000002 28.910956786835612),GT,40.32
FAIRFIELD 1 4,gen-516,POINT (-96.1005 31.8746514160553),GT,207.2
POINT COMFORT 2 4,gen-370,POINT (-96.5291 28.67196078598021),GT,137.88
LAPORTE 8,gen-397,POINT (-95.05478700000002 29.7152072468607),GT,456.84
HOUSTON 5 8,gen-408,POINT (-95.52556 29.9289091401206),GT,132.72
PASADENA 2 4,gen-353,POINT (-95.171439 29.716933938954103),GT,195.6
BAYTOWN 1 4,gen-422,POINT (-94.90886 29.6665800207589),GT,918.0
WADSWORTH 3,gen-379,POINT (-96.0355 28.781591002395697),ST,1625.16
NEWGULF 2,gen-449,POINT (-95.88710000000002 29.250551754073413),GT,122.28
CORPUS CHRISTI 3 3,gen-139,POINT (-97.29909999999998 27.564122407336892),GT,292.08
BASTROP 6,gen-265,POINT (-97.2582 30.123027391305598),GT,238.0
LAPORTE 9,gen-398,POINT (-95.05478700000002 29.713956599098008),GT,70.8
THOMPSONS 8,gen-457,POINT (-95.62606 29.471204230354388),GT,821.04
AUSTIN 1 0,gen-349,POINT (-97.838266 30.394866861665406),GT,435.6
HOUSTON 6 0,gen-477,POINT (-95.215109 29.819702359047994),GT,86.4
WHARTON 1 6,gen-443,POINT (-96.0557 29.265033736801307),GT,116.02
DENTON 1 3,gen-204,POINT (-97.10106 33.1887634953812),GT,1.92
PARIS 1 4,gen-69,POINT (-95.57739999999998 33.6090657820005),GT,221.66
IRVING 1 2,gen-202,POINT (-96.98796000000002 32.9116447373648),ST,6.84
GREGORY 2,gen-128,POINT (-97.245817 27.875766203357006),GT,172.8
IRAAN 3 1,gen-20,POINT (-101.91719999999998 30.865388508854693),GT,6.72
BRIDGEPORT 4,gen-235,POINT (-97.90820000000001 33.17757000500681),GT,256.0
PARIS 2 2,gen-46,POINT (-95.54510000000002 33.684069684954984),GT,100.0
PEARSALL 6,gen-158,POINT (-99.07930000000002 28.898350662980615),GT,80.64
MT. ENTERPRISE 4,gen-526,POINT (-94.607143 32.00485246901549),GT,281.88
FAIRFIELD 2 3,gen-521,POINT (-96.04180000000001 31.80759862623698),ST,712.08
FAIRFIELD 1 6,gen-518,POINT (-96.1005 31.868536934357316),GT,207.2
TEMPLE 1 3,gen-215,POINT (-97.311822 31.03655608523461),GT,321.28
DENTON 1 2,gen-203,POINT (-97.10106 33.18996858231391),GT,151.8
POOLVILLE 3,gen-208,POINT (-97.89770000000001 33.03642245621629),GT,298.4
PARIS 1 7,gen-72,POINT (-95.57739999999998 33.600070709169),GT,221.66
SANTA ROSA 1 4,gen-145,POINT (-97.86341200000001 26.2430473394144),ST,33.6
ELMENDORF 3,gen-312,POINT (-98.37746 29.248847748857216),GT,73.2
ELMENDORF 8,gen-317,POINT (-98.37746 29.242565514007815),GT,220.0
ENNIS 2,gen-240,POINT (-96.66996000000002 32.31482799175081),GT,250.8
FRANKLIN 5,gen-529,POINT (-96.47400000000002 31.167209297682206),ST,1077.24
BROWNSVILLE 1 0,gen-176,POINT (-97.51060000000001 25.906623725411485),GT,320.4
NURSERY 6,gen-361,POINT (-97.1224 28.86554144979861),GT,113.76
MONAHANS 1 1,gen-13,POINT (-102.9219 31.564730860981797),GT,390.24
FREEPORT 2 0,gen-504,POINT (-95.396681 28.98499101570269),GT,120.62
LA GRANGE 5,gen-284,POINT (-96.738 29.894575332167605),ST,676.0
MCKINNEY 1 7,gen-222,POINT (-96.59662600000001 33.15458782738859),GT,556.5
PARIS 2 3,gen-47,POINT (-95.54510000000002 33.68107404267649),GT,200.0
PEARSALL 5,gen-157,POINT (-99.07930000000002 28.901502337509),GT,40.32
THOMPSONS 15,gen-464,POINT (-95.62606 29.462428171656807),GT,123.24
ODESSA 1 10,gen-35,POINT (-102.2904 31.834183240019108),GT,343.8
LAPORTE 12,gen-401,POINT (-95.05478700000002 29.71020456233079),GT,70.8
PASADENA 2 3,gen-352,POINT (-95.171439 29.71818454962419),GT,195.6
SAN ANTONIO 2 7,gen-273,POINT (-98.60886 29.577316388379508),GT,68.88
PASADENA 3 3,gen-427,POINT (-95.04076 29.617179738104713),GT,365.52
THOMPSONS 5,gen-454,POINT (-95.62606 29.4749651658525),GT,376.59
ARLINGTON 1 6,gen-199,POINT (-97.13705 32.7626818970566),GT,525.92
GRANBURY 2 4,gen-245,POINT (-97.695516 32.393025166580806),GT,107.28
FREEPORT 2 0,gen-507,POINT (-95.396681 28.98499101570269),GT,90.0
SILVER 2,gen-81,POINT (-100.67910000000002 32.03703102567769),GT,1.56
CORPUS CHRISTI 3 4,gen-140,POINT (-97.29909999999998 27.560930984296302),GT,292.08
DALLAS 1 8,gen-190,POINT (-96.63940400000001 32.63496964093729),GT,370.16
SEGUIN 1 4,gen-305,POINT (-97.968175 29.585229703398298),GT,282.06
CHANNELVIEW 1 8,gen-470,POINT (-95.10269000000001 29.804542556854592),GT,128.72
BRYAN 2 0,gen-540,POINT (-96.36331600000001 30.64121549386309),GT,26.4
MARION 1 8,gen-281,POINT (-98.13686 29.61156854391941),GT,217.64
ODESSA 1 6,gen-31,POINT (-102.31380000000001 31.79364946639161),GT,230.56
AUSTIN 1 0,gen-351,POINT (-97.838266 30.394866861665406),GT,61.8
CORPUS CHRISTI 3 5,gen-141,POINT (-97.29909999999998 27.557739468474),GT,422.4
SNYDER 2 0,gen-117,POINT (-100.93666100000002 32.7410021133028),GT,61.56
MCKINNEY 1 3,gen-218,POINT (-96.59662600000001 33.15940995555839),GT,138.0
DEER PARK 6,gen-384,POINT (-95.12381600000002 29.71411817132631),GT,235.2
HOUSTON 5 6,gen-406,POINT (-95.52556 29.93140504677339),GT,132.72
JACKSONVILLE 1 5,gen-534,POINT (-94.97723400000001 31.923809986101606),ST,422.04
FREEPORT 2 0,gen-505,POINT (-95.396681 28.98499101570269),GT,120.62
PARIS 1 5,gen-70,POINT (-95.57739999999998 33.606067528657995),GT,221.66
FREEPORT 2 0,gen-499,POINT (-95.396681 28.98499101570269),GT,120.62
BAYTOWN 1 3,gen-421,POINT (-94.90886 29.66783125829779),GT,4.8
GREGORY 7,gen-133,POINT (-97.245817 27.8598536925239),GT,206.8
POINT COMFORT 2 7,gen-373,POINT (-96.5291 28.66248464197989),GT,137.88
MONAHANS 1 3,gen-15,POINT (-102.9219 31.55859590412069),GT,107.28
PASADENA 1 3,gen-450,POINT (-95.205238 29.71676745692711),ST,5.64
VICTORIA 2 3,gen-367,POINT (-96.99740000000001 28.77489014082899),GT,226.14
BRIDGEPORT 5,gen-236,POINT (-97.90820000000001 33.17455683021782),GT,256.0
ALVIN 0,gen-493,POINT (-95.18288 29.422491490378206),GT,135.0
ALVIN 0,gen-491,POINT (-95.18288 29.422491490378206),GT,135.0
SAN ANTONIO 1 6,gen-301,POINT (-98.33826000000002 29.418552395840692),GT,1118.4
AUSTIN 2 5,gen-322,POINT (-97.60786 30.202021993886394),GT,61.68
MCKINNEY 1 5,gen-220,POINT (-96.59662600000001 33.1569989246159),GT,138.0
BASTROP 4,gen-263,POINT (-97.2582 30.12925483342302),GT,511.2
ELMENDORF 5,gen-314,POINT (-98.37746 29.246334901200395),GT,357.6
RIESEL 1 2,gen-232,POINT (-96.944549 31.458257298444906),ST,1209.6
SAN ANTONIO 2 4,gen-270,POINT (-98.60886 29.581073381057408),GT,11.52
LA PORTE 0,gen-487,POINT (-95.037022 29.69233618154429),GT,105.84
MIDLOTHIAN 1 0,gen-255,POINT (-97.04938 32.42776911654429),GT,346.8
HOUSTON 4 8,gen-417,POINT (-95.39032 29.709479586802807),GT,277.14
PALO PINTO 1 2,gen-247,POINT (-98.29770000000002 32.639155116415594),GT,146.4
BAYTOWN 2 5,gen-377,POINT (-94.89686 29.765287707192716),GT,274.38
ARLINGTON 1 4,gen-197,POINT (-97.13705 32.76510371156449),GT,525.92
SHERMAN 1 3,gen-65,POINT (-96.60529300000002 33.56682617169601),GT,321.28
MIDLOTHIAN 1 0,gen-254,POINT (-97.04938 32.42776911654429),GT,346.8
PASADENA 2 7,gen-356,POINT (-95.171439 29.713182013458706),GT,195.6
FREEPORT 2 0,gen-503,POINT (-95.396681 28.98499101570269),GT,120.62
BAYTOWN 2 6,gen-378,POINT (-94.89686 29.764037683803394),GT,274.38
GLEN ROSE 1 2,gen-212,POINT (-97.772915 32.28238785536839),ST,1458.0
CEDAR CREEK 1 5,gen-335,POINT (-97.54496000000002 30.136771594285992),GT,247.48
SNYDER 2 0,gen-116,POINT (-100.93666100000002 32.7410021133028),GT,61.56
SAN ANTONIO 2 6,gen-272,POINT (-98.60886 29.578568734808712),GT,68.88
ARLINGTON 1 3,gen-196,POINT (-97.13705 32.76631459411318),GT,2.16
PEARSALL 7,gen-159,POINT (-99.07930000000002 28.895198892753402),GT,79.2
FAIRFIELD 1 7,gen-519,POINT (-96.1005 31.865479541371617),GT,207.2
ALVIN 0,gen-496,POINT (-95.18288 29.422491490378206),GT,206.64
WICHITA FALLS 1 3,gen-50,POINT (-98.48050000000002 33.897613771944),ST,864.0
HOUSTON 3 1,gen-390,POINT (-95.63680900000001 29.716950427164097),GT,4.44
WICHITA FALLS 1 2,gen-49,POINT (-98.48050000000002 33.9006018474354),ST,7.2
WADSWORTH 4,gen-380,POINT (-96.0355 28.77843569355472),ST,1625.16
DEER PARK 3,gen-381,POINT (-95.12381600000002 29.717870061833906),GT,180.0
MCKINNEY 1 4,gen-219,POINT (-96.59662600000001 33.158204448372885),GT,138.0
NEW BRAUNFELS 1 6,gen-339,POINT (-98.01776 29.728134437632697),GT,296.7
SHIRO 3,gen-511,POINT (-95.90519999999998 30.579228719156287),GT,281.91
VICTORIA 1 0,gen-485,POINT (-96.94521399999999 28.668770854419012),GT,122.88
ALVIN 0,gen-495,POINT (-95.18288 29.422491490378206),GT,229.32
POINT COMFORT 1 0,gen-483,POINT (-96.549197 28.633752374787612),GT,75.72
DEER PARK 7,gen-385,POINT (-95.12381600000002 29.71286750999621),GT,235.2
CORPUS CHRISTI 1 3,gen-163,POINT (-97.45170000000002 27.803551233740407),GT,237.32
JEWETT 1 3,gen-523,POINT (-96.2399 31.408842811913992),ST,1109.88
SHIRO 4,gen-512,POINT (-95.90519999999998 30.576129334180592),GT,281.91
GREENVILLE 1 2,gen-192,POINT (-96.1138 33.148850423698306),GT,101.64
MISSION 1 2,gen-135,POINT (-98.3866 26.15227075611529),GT,211.6
BROWNSVILLE 1 0,gen-177,POINT (-97.51060000000001 25.906623725411485),GT,320.4
TEMPLE 1 4,gen-216,POINT (-97.311822 31.033471416601706),GT,321.28
MONAHANS 1 4,gen-16,POINT (-102.9219 31.555528274374485),GT,107.28
BAYTOWN 1 5,gen-423,POINT (-94.90886 29.6653287676551),GT,918.0
DALLAS 2 3,gen-228,POINT (-96.93076 32.714316469530594),GT,340.88
DALLAS 1 3,gen-185,POINT (-96.63940400000001 32.6410327240271),GT,7.68
ARLINGTON 1 2,gen-195,POINT (-97.13705 32.76752546019151),GT,12.72
GREGORY 5,gen-131,POINT (-97.245817 27.8662189772609),GT,206.8
ALVIN 0,gen-492,POINT (-95.18288 29.422491490378206),GT,135.0
DEER PARK 8,gen-386,POINT (-95.12381600000002 29.711616833086417),GT,235.2
VICTORIA 2 4,gen-368,POINT (-96.99740000000001 28.77173462930361),GT,226.14
SNYDER 2 0,gen-115,POINT (-100.93666100000002 32.7410021133028),GT,61.56
JACKSONVILLE 1 3,gen-532,POINT (-94.97723400000001 31.9299207975652),ST,12.0
DALLAS 1 2,gen-184,POINT (-96.63940400000001 32.642245291333516),GT,5.04
IRAAN 3 2,gen-21,POINT (-101.91719999999998 30.862298309154202),GT,2.4
SANTA ROSA 1 3,gen-144,POINT (-97.86341200000001 26.2462762296173),ST,9.12
BRIDGEPORT 3,gen-234,POINT (-97.90820000000001 33.180583076193095),GT,256.0
PASADENA 3 4,gen-428,POINT (-95.04076 29.615927870959286),GT,108.77
WICHITA FALLS 2 2,gen-57,POINT (-98.5858 33.84680442965061),GT,24.0
NURSERY 4,gen-359,POINT (-97.1224 28.87184669468889),GT,56.88
LA PORTE 0,gen-486,POINT (-95.037022 29.69233618154429),GT,105.84
ALVIN 0,gen-498,POINT (-95.18288 29.422491490378206),GT,206.64
TRINIDAD 1 0,gen-538,POINT (-96.090477 32.1184211563178),ST,4.8
MCKINNEY 1 8,gen-223,POINT (-96.59662600000001 33.1533822539188),GT,556.5
CHANNELVIEW 1 5,gen-467,POINT (-95.10269000000001 29.8082910631445),GT,128.72
AUSTIN 1 0,gen-345,POINT (-97.838266 30.394866861665406),GT,5.52
CORPUS CHRISTI 1 4,gen-164,POINT (-97.45170000000002 27.800366799638997),GT,237.32
CHANNELVIEW 1 12,gen-474,POINT (-95.10269000000001 29.799544329941995),GT,220.39
WHARTON 1 5,gen-442,POINT (-96.0557 29.268174212536003),GT,116.02
HOUSTON 4 10,gen-419,POINT (-95.39032 29.7069781330027),GT,277.14
AUSTIN 2 4,gen-321,POINT (-97.60786 30.203266516170505),GT,232.8
PEARSALL 3,gen-155,POINT (-99.07930000000002 28.907805399443088),GT,40.32
MCKINNEY 1 2,gen-217,POINT (-96.59662600000001 33.160615446172),GT,3.84
ELMENDORF 10,gen-319,POINT (-98.37746 29.240052512079192),GT,220.0
ODESSA 1 4,gen-29,POINT (-102.31380000000001 31.799768911680815),GT,230.56
HOUSTON 1 1,gen-357,POINT (-95.25246 29.80299064926621),GT,4.8
FREEPORT 2 0,gen-502,POINT (-95.396681 28.98499101570269),GT,120.62
GRANBURY 2 3,gen-244,POINT (-97.695516 32.39424108452731),GT,107.28
LAPORTE 4,gen-393,POINT (-95.05478700000002 29.720209682102507),GT,247.86
MIDLOTHIAN 1 0,gen-257,POINT (-97.04938 32.42776911654429),GT,346.8
ARLINGTON 1 5,gen-198,POINT (-97.13705 32.7638928125455),GT,525.92
GREGORY 3,gen-129,POINT (-97.245817 27.8725838881357),GT,172.8
MISSION 1 3,gen-136,POINT (-98.3866 26.14903925832189),GT,211.6
ELMENDORF 9,gen-318,POINT (-98.37746 29.241309020756596),GT,220.0
BROWNSVILLE 1 0,gen-179,POINT (-97.51060000000001 25.906623725411485),GT,220.52
BISHOP 1,gen-127,POINT (-97.8192 27.5497530973616),GT,53.04
MOUNT PLEASANT 1 3,gen-535,POINT (-95.02910000000001 33.078880759025),ST,792.0
SANTA ROSA 1 9,gen-150,POINT (-97.86341200000001 26.226901542913584),ST,33.6
AUSTIN 2 6,gen-323,POINT (-97.60786 30.200777455867705),GT,308.4
DALLAS 2 4,gen-229,POINT (-96.93076 32.713104880199),GT,340.88
WHARTON 1 3,gen-440,POINT (-96.0557 29.274454874592493),GT,116.02
WICHITA FALLS 2 1,gen-56,POINT (-98.5858 33.8497942844651),GT,24.0
DEER PARK 10,gen-388,POINT (-95.12381600000002 29.709115432529103),GT,235.2
BROWNSVILLE 1 0,gen-173,POINT (-97.51060000000001 25.906623725411485),GT,73.2
GREGORY 4,gen-130,POINT (-97.245817 27.869401479434597),GT,172.8
BRYAN 1 0,gen-544,POINT (-96.45 30.71551025762),GT,117.84
CEDAR CREEK 1 3,gen-333,POINT (-97.54496000000002 30.139262271471804),GT,247.48
HOUSTON 5 10,gen-410,POINT (-95.52556 29.926413170872888),GT,105.26
ODESSA 1 5,gen-30,POINT (-102.31380000000001 31.796709239684713),GT,230.56
FREEPORT 2 0,gen-509,POINT (-95.396681 28.98499101570269),GT,14.04
HOUSTON 4 4,gen-413,POINT (-95.39032 29.714482307455686),GT,57.6
THOMPSONS 14,gen-463,POINT (-95.62606 29.463681940827307),GT,270.24
CORPUS CHRISTI 2 1,gen-134,POINT (-97.5245 27.805932556264096),GT,56.4
SANTA ROSA 1 8,gen-149,POINT (-97.86341200000001 26.230130881585993),ST,33.6
ELMENDORF 6,gen-315,POINT (-98.37746 29.24507845423008),GT,357.6
SAN ANTONIO 2 5,gen-271,POINT (-98.60886 29.579821065701395),GT,5.28
SAN ANTONIO 2 3,gen-269,POINT (-98.60886 29.582325680875996),GT,4.08
DEER PARK 11,gen-389,POINT (-95.12381600000002 29.70786470888249),GT,235.2
SANTA ROSA 1 7,gen-148,POINT (-97.86341200000001 26.233360130580113),ST,33.6
FREEPORT 2 0,gen-501,POINT (-95.396681 28.98499101570269),GT,156.0
SAN ANTONIO 1 4,gen-299,POINT (-98.33826000000002 29.421061002726088),GT,535.2
POINT COMFORT 2 3,gen-369,POINT (-96.5291 28.675119310217006),GT,137.88
MARION 1 4,gen-277,POINT (-98.13686 29.616576135777205),GT,217.64
THOMPSONS 11,gen-460,POINT (-95.62606 29.4674431553424),GT,19.56
PALO PINTO 1 4,gen-249,POINT (-98.29770000000002 32.633091906071485),GT,146.4
MT. ENTERPRISE 3,gen-525,POINT (-94.607143 32.00790522975309),GT,281.88
CHANNELVIEW 1 13,gen-475,POINT (-95.10269000000001 29.798294734194),GT,220.39
MONAHANS 1 2,gen-14,POINT (-102.9219 31.561663432991608),GT,390.24
BREMOND 0,gen-541,POINT (-96.68423 31.085759152857804),ST,209.52
PALO PINTO 1 3,gen-248,POINT (-98.29770000000002 32.636123562607004),GT,146.4
MIDLOTHIAN 1 0,gen-256,POINT (-97.04938 32.42776911654429),GT,346.8
HOUSTON 4 9,gen-418,POINT (-95.39032 29.7082288676919),GT,277.14
FAIRFIELD 1 8,gen-520,POINT (-96.1005 31.86242204696871),GT,207.2
POINT COMFORT 2 6,gen-372,POINT (-96.5291 28.66564345185492),GT,137.88
CHANNELVIEW 1 3,gen-465,POINT (-95.10269000000001 29.810789989286896),GT,128.72
WINCHESTER 5,gen-295,POINT (-96.9749 30.0217370567636),GT,145.2
ODESSA 1 2,gen-27,POINT (-102.31380000000001 31.80588795176119),GT,230.56
LAPORTE 11,gen-400,POINT (-95.05478700000002 29.711455256832604),GT,70.8
BASTROP 7,gen-266,POINT (-97.2582 30.11991352296321),GT,238.0
BREMOND 0,gen-542,POINT (-96.68423 31.085759152857804),ST,209.52
HOUSTON 6 0,gen-482,POINT (-95.215109 29.819702359047994),GT,535.68
HOUSTON 5 5,gen-405,POINT (-95.52556 29.932652976625693),GT,132.72
CHANNELVIEW 1 11,gen-473,POINT (-95.10269000000001 29.8007939100825),GT,220.39
LAPORTE 7,gen-396,POINT (-95.05478700000002 29.7164578790429),GT,247.86
DALLAS 1 6,gen-188,POINT (-96.63940400000001 32.63739492348349),GT,370.16
MONT BELVIEU 2,gen-432,POINT (-94.91465999999998 29.819390446066897),GT,30.84
FREEPORT 2 0,gen-500,POINT (-95.396681 28.98499101570269),GT,156.0
AUSTIN 1 0,gen-346,POINT (-97.838266 30.394866861665406),GT,1.8
FREEPORT 1 5,gen-447,POINT (-95.3294 28.963665200993894),GT,149.37
MONT BELVIEU 3,gen-433,POINT (-94.91465999999998 29.818141098271607),GT,18.0
BAYTOWN 2 3,gen-375,POINT (-94.89686 29.767787707181103),GT,274.38
MIDLOTHIAN 1 0,gen-259,POINT (-97.04938 32.42776911654429),GT,346.8
AUSTIN 1 0,gen-348,POINT (-97.838266 30.394866861665406),GT,7.68
FAIRFIELD 1 3,gen-515,POINT (-96.1005 31.877708504757106),GT,207.2
BAYTOWN 1 7,gen-425,POINT (-94.90886 29.662826214754595),GT,214.2
MIDLOTHIAN 1 0,gen-258,POINT (-97.04938 32.42776911654429),GT,346.8
DEER PARK 9,gen-387,POINT (-95.12381600000002 29.710366140597316),GT,235.2
MONAHANS 1 6,gen-18,POINT (-102.94530000000002 31.57776630436199),GT,214.56
ODESSA 1 7,gen-32,POINT (-102.31380000000001 31.7905895918071),GT,114.6
AUSTIN 1 0,gen-350,POINT (-97.838266 30.394866861665406),GT,435.6
MIDLOTHIAN 1 0,gen-261,POINT (-97.04938 32.42776911654429),GT,169.56
AUSTIN 1 0,gen-347,POINT (-97.838266 30.394866861665406),GT,4.8
NURSERY 5,gen-360,POINT (-97.1224 28.8686941200619),GT,56.88
LAPORTE 10,gen-399,POINT (-95.05478700000002 29.712705935755206),GT,70.8
MONAHANS 1 5,gen-17,POINT (-102.9219 31.552460543758492),GT,107.28
POOLVILLE 2,gen-207,POINT (-97.89770000000001 33.039440371560005),GT,298.4
BRIDGEPORT 7,gen-238,POINT (-97.90820000000001 33.16853016985089),GT,256.0
JACKSONVILLE 1 4,gen-533,POINT (-94.97723400000001 31.9268654425955),ST,422.04
DALLAS 1 7,gen-189,POINT (-96.63940400000001 32.63618229042851),GT,370.16
BROWNSVILLE 1 0,gen-172,POINT (-97.51060000000001 25.906623725411485),GT,28.8
NEW BRAUNFELS 1 7,gen-340,POINT (-98.01776 29.726883950947098),GT,296.7
ROCKDALE 1 3,gen-296,POINT (-97.05143200000002 30.54649555124572),ST,708.72
GRANBURY 2 5,gen-246,POINT (-97.695516 32.391809232262695),GT,107.28
BRIDGEPORT 8,gen-239,POINT (-97.90820000000001 33.165516684282494),GT,256.0
AUSTIN 1 0,gen-342,POINT (-97.838266 30.394866861665406),GT,61.8
POOLVILLE 4,gen-209,POINT (-97.89770000000001 33.03340443749472),GT,298.4
JEWETT 1 4,gen-524,POINT (-96.2399 31.40577026825629),ST,1109.88
PARIS 1 3,gen-68,POINT (-95.57739999999998 33.61206393106889),GT,221.66
NEW BRAUNFELS 1 5,gen-338,POINT (-98.01776 29.72938490873369),GT,296.7
SAN ANTONIO 1 8,gen-303,POINT (-98.33826000000002 29.416043727018),GT,866.4
PASADENA 2 5,gen-354,POINT (-95.171439 29.715683312702804),GT,195.6
THOMPSONS 3,gen-452,POINT (-95.62606 29.477472378671287),GT,376.59
PASADENA 1 4,gen-451,POINT (-95.205238 29.715516828601803),ST,544.2
CHRISTINE 2,gen-121,POINT (-98.4559 28.69176886409431),ST,492.0
HOUSTON 5 11,gen-411,POINT (-95.52556 29.925165162777002),GT,421.04
BAYTOWN 2 4,gen-376,POINT (-94.89686 29.766537714985414),GT,274.38
LAREDO 1 3,gen-153,POINT (-99.49630000000002 27.549944387416698),GT,158.16
ODESSA 1 1,gen-26,POINT (-102.31380000000001 31.808947319834704),GT,230.56
NURSERY 3,gen-358,POINT (-97.1224 28.874999173673),GT,26.88
SHIRO 6,gen-514,POINT (-95.90519999999998 30.569930267047397),GT,281.91
SEGUIN 1 6,gen-307,POINT (-97.968175 29.582725160287595),GT,282.06
PASADENA 3 6,gen-430,POINT (-95.04076 29.613424090023408),GT,108.77
SILVER 3,gen-82,POINT (-100.67910000000002 32.03397923529031),GT,107.28
PARIS 1 2,gen-67,POINT (-95.57739999999998 33.6150619758586),GT,221.66
ALVIN 0,gen-488,POINT (-95.18288 29.422491490378206),GT,8.16
LEWSIVILLE 1,gen-252,POINT (-96.960546 33.0120993231214),GT,14.88
CHANNELVIEW 1 7,gen-469,POINT (-95.10269000000001 29.8057920745609),GT,128.72
DEER PARK 4,gen-382,POINT (-95.12381600000002 29.716619447245495),GT,61.2
WINCHESTER 3,gen-293,POINT (-96.9749 30.027970877458294),GT,72.6
POINT COMFORT 2 5,gen-371,POINT (-96.5291 28.668802166523907),GT,137.88
SILVER 4,gen-83,POINT (-100.67910000000002 32.03092734319301),GT,536.4
GREGORY 6,gen-132,POINT (-97.245817 27.863036381621686),GT,206.8
PASADENA 2 6,gen-355,POINT (-95.171439 29.714432670870917),GT,195.6
AUSTIN 1 0,gen-344,POINT (-97.838266 30.394866861665406),GT,2.76
BRIDGEPORT 6,gen-237,POINT (-97.90820000000001 33.17154355183101),GT,256.0
CORPUS CHRISTI 1 2,gen-162,POINT (-97.45170000000002 27.806735574515688),GT,237.32
SAVOY 4,gen-43,POINT (-96.355005 33.6094063532917),GT,470.16
SAN ANTONIO 1 3,gen-298,POINT (-98.33826000000002 29.4223152829411),GT,10.08
ALVIN 0,gen-494,POINT (-95.18288 29.422491490378206),GT,135.0
BROWNSVILLE 1 0,gen-178,POINT (-97.51060000000001 25.906623725411485),GT,220.52
ENNIS 3,gen-241,POINT (-96.66996000000002 32.3136110057127),GT,250.8
MT. ENTERPRISE 6,gen-528,POINT (-94.607143 31.998746642566587),GT,281.88
CHANNELVIEW 1 9,gen-471,POINT (-95.10269000000001 29.8032930235391),GT,220.39
PARIS 1 6,gen-71,POINT (-95.57739999999998 33.603069171045995),GT,221.66
WICHITA FALLS 2 3,gen-58,POINT (-98.5858 33.843814470202105),GT,48.0
SAN ANTONIO 1 5,gen-300,POINT (-98.33826000000002 29.419806707025803),GT,535.2
MARION 1 3,gen-276,POINT (-98.13686 29.617827994870808),GT,217.64
BAYTOWN 1 8,gen-426,POINT (-94.90886 29.661574914958692),GT,214.2
LEWSIVILLE 2,gen-253,POINT (-96.960546 33.010891794882205),GT,3.84
FRANKLIN 6,gen-530,POINT (-96.47400000000002 31.164128869476002),ST,1077.24
GRAHAM 2,gen-193,POINT (-98.59910000000002 33.1215869874652),GT,380.82
CHANNELVIEW 1 4,gen-466,POINT (-95.10269000000001 29.809540534021),GT,128.72
MARION 1 5,gen-278,POINT (-98.13686 29.615324261134813),GT,217.64
TEMPLE 1 2,gen-214,POINT (-97.311822 31.039640653940793),GT,321.28
THOMPSONS 4,gen-453,POINT (-95.62606 29.476218780013504),GT,376.59
NEW BRAUNFELS 1 3,gen-336,POINT (-98.01776 29.731885804180102),GT,3.84
SANTA ROSA 1 5,gen-146,POINT (-97.86341200000001 26.239818359502102),ST,33.6
LAPORTE 5,gen-394,POINT (-95.05478700000002 29.718959096664193),GT,247.86
BASTROP 5,gen-264,POINT (-97.2582 30.126141161460993),GT,238.0
SHERMAN 1 4,gen-66,POINT (-96.60529300000002 33.56382645015371),GT,321.28
FREEPORT 1 4,gen-446,POINT (-95.3294 28.966814890199387),GT,149.37
AUSTIN 1 0,gen-343,POINT (-97.838266 30.394866861665406),GT,123.6
HOUSTON 4 3,gen-412,POINT (-95.39032 29.715732948669206),GT,8.28
HOUSTON 5 3,gen-403,POINT (-95.52556 29.935148789380204),GT,132.72
FAIRFIELD 1 5,gen-517,POINT (-96.1005 31.871594225920308),GT,207.2
ODESSA 1 8,gen-33,POINT (-102.3084 31.834183240019108),GT,114.6
SAN ANTONIO 1 7,gen-302,POINT (-98.33826000000002 29.41729806917129),GT,866.4
FAIRFIELD 2 4,gen-522,POINT (-96.04180000000001 31.80453921349961),ST,712.08
ODESSA 1 9,gen-34,POINT (-102.31380000000001 31.78752961593661),GT,114.6
HOUSTON 6 0,gen-479,POINT (-95.215109 29.819702359047994),GT,86.4
FREEPORT 1 6,gen-448,POINT (-95.3294 28.960515415952585),GT,149.37
HOUSTON 4 5,gen-414,POINT (-95.39032 29.713231650661907),GT,6.0
CORPUS CHRISTI 3 2,gen-138,POINT (-97.29909999999998 27.567313737588698),GT,292.08
MOUNT PLEASANT 1 4,gen-536,POINT (-95.02910000000001 33.075864195472015),ST,792.0
HOUSTON 6 0,gen-480,POINT (-95.215109 29.819702359047994),GT,86.4
HOUSTON 5 4,gen-404,POINT (-95.52556 29.9339008908281),GT,132.72
MT. ENTERPRISE 5,gen-527,POINT (-94.607143 32.001799606618185),GT,281.88
CORPUS CHRISTI 1 5,gen-165,POINT (-97.45170000000002 27.79718227221871),GT,10.8
CHANNELVIEW 1 10,gen-472,POINT (-95.10269000000001 29.802043474614997),GT,220.39
MISSION 1 4,gen-137,POINT (-98.3866 26.145807671045695),GT,211.6
MARION 1 7,gen-280,POINT (-98.13686 29.612820465205505),GT,217.64
TRINIDAD 1 0,gen-539,POINT (-96.090477 32.1184211563178),ST,287.16
PEARSALL 4,gen-156,POINT (-99.07930000000002 28.904653916332006),GT,40.32
NURSERY 7,gen-362,POINT (-97.1224 28.8623886839057),GT,3.84
PASADENA 3 5,gen-429,POINT (-95.04076 29.614675988265414),GT,108.77
MCKINNEY 1 6,gen-221,POINT (-96.59662600000001 33.1557933842877),GT,99.24
SAN ANTONIO 2 8,gen-274,POINT (-98.60886 29.576064026414194),GT,68.88
PASADENA 3 7,gen-431,POINT (-95.04076 29.6121721762336),GT,217.54
ALVIN 0,gen-490,POINT (-95.18288 29.422491490378206),GT,206.64
BROWNSVILLE 1 0,gen-170,POINT (-97.51060000000001 25.906623725411485),GT,90.0
SHIRO 5,gen-513,POINT (-95.90519999999998 30.57302985014232),GT,281.91
SAVOY 2,gen-41,POINT (-96.355005 33.6154025234591),GT,470.16
THOMPSONS 13,gen-462,POINT (-95.62606 29.464935694498614),GT,270.24
BROWNSVILLE 1 0,gen-174,POINT (-97.51060000000001 25.906623725411485),GT,12.48
AUSTIN 1 0,gen-341,POINT (-97.838266 30.394866861665406),GT,14.4
THOMPSONS 6,gen-455,POINT (-95.62606 29.473711536188713),GT,376.59
ALEDO 1 2,gen-183,POINT (-97.50916000000001 32.7142394205182),GT,5.76
BRYAN 1 0,gen-543,POINT (-96.45 30.71551025762),GT,126.0
ALVIN 0,gen-489,POINT (-95.18288 29.422491490378206),GT,206.64
LAPORTE 3,gen-392,POINT (-95.05478700000002 29.721460251958604),GT,19.56
GRANBURY 1 2,gen-224,POINT (-97.719086 32.3273757066874),GT,315.36
BROWNSVILLE 1 0,gen-171,POINT (-97.51060000000001 25.906623725411485),GT,220.52
THOMPSONS 10,gen-459,POINT (-95.62606 29.468696862513887),GT,821.04
HOUSTON 2 1,gen-402,POINT (-95.24076000000001 29.944401714108306),GT,12.24
WINCHESTER 4,gen-294,POINT (-96.9749 30.024854016108005),GT,72.6
DALLAS 1 5,gen-187,POINT (-96.63940400000001 32.6386075401017),GT,370.16
POINT COMFORT 1 0,gen-484,POINT (-96.549197 28.633752374787612),GT,372.0
IRVING 1 1,gen-201,POINT (-96.98796000000002 32.9128536227228),ST,12.96
THOMPSONS 9,gen-458,POINT (-95.62606 29.46995055418471),GT,821.04
RALLS 1 4,gen-63,POINT (-101.37740000000001 33.64837540056509),WT,180.0
MIAMI 0,gen-74,POINT (-100.527811 35.648038404923994),WT,346.32
ROSCOE 4 1,gen-92,POINT (-100.4797 32.2209560400834),WT,96.6
VERNON 1 1,gen-52,POINT (-99.36112200000001 34.2773582406679),WT,162.48
FORT STOCKTON 2 0,gen-36,POINT (-102.34662799999998 30.801087757718893),WT,180.0
BAYTOWN 3 4,gen-436,POINT (-94.992237 29.743202629355608),PVe,33.96
BIG SPRING 3 1,gen-24,POINT (-101.447785 32.0878612318491),WT,171.0
SARITA 1 2,gen-160,POINT (-97.776567 27.206248240457086),WT,225.6
SYNDER 1,gen-108,POINT (-100.735349 32.726423627522806),WT,75.6
ALBANY 1 5,gen-242,POINT (-99.4102 32.75543381771269),WT,198.72
FORSAN 2,gen-12,POINT (-101.395 32.1247951475205),WT,70.56
SAN PERLITA 0,gen-169,POINT (-97.68031099999999 26.46883290649291),WT,243.6
BRACKETTVILLE 2 1,gen-95,POINT (-100.205567 29.218228035189206),WT,119.76
ROUND ROCK 1 6,gen-292,POINT (-97.688846 30.545573158189093),PVe,48.84
GOLDSMITH 0,gen-40,POINT (-102.819333 31.988893517494812),WT,43.2
WHITE DEER 1,gen-51,POINT (-101.2403 35.4635077026973),WT,96.0
PANHANDLE 5 1,gen-60,POINT (-101.53640000000001 35.33781989743399),WT,12.0
BAYTOWN 3 2,gen-434,POINT (-94.992237 29.745703180288093),PVe,9.0
MCCAMEY 2 0,gen-38,POINT (-102.2163 31.13303722266159),WT,90.0
BLACKWELL 1,gen-76,POINT (-100.26500000000001 32.1790582643664),WT,203.4
BRACKETTVILLE 1 1,gen-110,POINT (-100.380289 29.315549244833004),PVe,47.52
BAYTOWN 3 7,gen-439,POINT (-94.992237 29.7394516860367),PVe,67.92
WINGATE 4,gen-87,POINT (-100.04452000000002 32.18889246613329),WT,294.2
ARMSTRONG 1 2,gen-161,POINT (-97.58680000000001 26.97463425193141),WT,339.84
RALLS 1 3,gen-62,POINT (-101.37740000000001 33.65137218175279),WT,12.0
SWEETWATER 4 1,gen-75,POINT (-100.33530000000002 32.347675224722),WT,45.0
GOLDSMITH 0,gen-39,POINT (-102.819333 31.988893517494812),WT,183.0
JACKSBORO 1 2,gen-182,POINT (-98.325052 33.0491124429784),WT,144.0
TAFT 2 1,gen-151,POINT (-97.44996 27.936055633502797),WT,216.0
BIG SPRING 6 1,gen-22,POINT (-101.418836 32.25720041881092),PVe,1.8
BIG SPRINGS 1,gen-7,POINT (-101.2164 32.0260294673358),WT,149.04
PANHANDLE 5 2,gen-61,POINT (-101.53640000000001 35.33488312254741),WT,95.4
WINGATE 3,gen-86,POINT (-100.04452000000002 32.19193908238331),WT,294.2
ARCHER 2 1,gen-53,POINT (-98.57834400000002 33.48029558350581),WT,180.0
PORT LAVACA 2,gen-363,POINT (-96.8207 28.554100188226396),PVe,46.56
ROUND ROCK 1 5,gen-291,POINT (-97.688846 30.5468133145438),PVe,16.68
SYNDER 2,gen-109,POINT (-100.735349 32.72339503452461),WT,144.0
PRESIDIO 1 1,gen-4,POINT (-104.2964 29.583565207190606),PVe,12.0
SARITA 3 1,gen-120,POINT (-97.48609999999998 27.0637885794484),WT,241.92
ROUND ROCK 1 3,gen-289,POINT (-97.688846 30.54929357972971),PVe,6.6
IRAAN 2 1,gen-3,POINT (-102.19783300000002 30.9183420234792),WT,99.0
MERKEL 1 2,gen-97,POINT (-100.164386 32.305290171689286),WT,279.0
BIG SPRING 2 0,gen-37,POINT (-101.2893 31.9299895992278),WT,138.6
PANHANDLE 4 2,gen-45,POINT (-101.24045600000001 35.41503183522809),WT,261.6
ROSCOE 2 2,gen-80,POINT (-100.6538 32.45649079710721),WT,250.8
O DONNELL 1 1,gen-1,POINT (-101.636978 32.9203453324632),WT,253.2
ROSCOE 1 1,gen-111,POINT (-100.57610000000001 32.48095793986279),WT,236.4
SEBASTIAN 2 1,gen-126,POINT (-97.56410000000001 26.3242668292268),WT,240.0
ABILENE 1 4,gen-100,POINT (-99.6438 32.49238831429049),WT,240.0
FLUVANNA 1 1,gen-105,POINT (-101.215797 32.91259657537129),WT,100.8
OILTON 0,gen-181,POINT (-98.99447800000002 27.48166864386469),WT,110.4
LORAINE 1 2,gen-99,POINT (-100.7408 32.418508516721616),WT,90.0
FLUVANNA 2 2,gen-102,POINT (-101.135184 32.9350898403737),WT,192.0
PANHANDLE 2 2,gen-44,POINT (-101.298233 35.22877635605561),WT,240.72
PORT LAVACA 5,gen-366,POINT (-96.8207 28.5446134062122),PVe,5.28
MUENSTER 1 1,gen-55,POINT (-97.42480599999999 33.72028105094409),WT,135.0
LENORAH 1,gen-19,POINT (-101.83310000000002 32.21322024953109),WT,144.0
IRAAN 1 1,gen-25,POINT (-102.0831 30.898495183075006),WT,192.6
PANHANDLE 1 0,gen-73,POINT (-101.36377799999998 35.43691198179582),WT,218.04
ROUND ROCK 1 2,gen-288,POINT (-97.688846 30.55053368856009),PVe,36.0
CUSHING 1 2,gen-531,POINT (-94.88804 31.8160732192637),PVe,136.8
LUFKIN 1 1,gen-510,POINT (-94.740011 31.346619156679417),PVe,52.8
CHRISTOVAL 2,gen-77,POINT (-100.66622 31.072331201834395),WT,180.0
DUBLIN 1 1,gen-205,POINT (-98.472511 32.32568308312928),WT,72.0
BIG SPRING 5 1,gen-2,POINT (-101.384733 32.1915068619678),WT,41.16
BRYSON 1 2,gen-206,POINT (-98.352469 33.19299841828041),WT,180.0
TUSOCOLA 0,gen-114,POINT (-99.99826700000001 32.2978031716202),WT,136.8
STERLING CITY 1 2,gen-88,POINT (-100.9155 31.907001572555895),WT,198.75
LORAINE 1 1,gen-98,POINT (-100.7408 32.421547422785686),WT,90.0
STERLING CITY 1 4,gen-90,POINT (-100.9155 31.900889238421307),WT,198.75
FORT STOCKTON 1 1,gen-10,POINT (-102.50220800000001 30.7532409481075),WT,177.0
SNYDER 1 1,gen-79,POINT (-100.9916 32.70752689988102),WT,156.6
MCCAMEY 1 1,gen-8,POINT (-102.23090000000002 31.20304177581981),WT,333.6
NOLAN 1,gen-94,POINT (-100.09640000000002 32.2718209937277),WT,204.24
OLNEY 1 2,gen-210,POINT (-98.69934399999998 33.364821351362195),WT,270.0
BAYTOWN 3 5,gen-437,POINT (-94.992237 29.74195233050502),PVe,33.96
BAYTOWN 3 6,gen-438,POINT (-94.992237 29.740702016065196),PVe,33.96
ARCHER 1 1,gen-59,POINT (-98.4964 33.482517910917615),WT,81.12
SWEETWATER 1 0,gen-118,POINT (-100.1196 32.4020211797149),WT,121.44
STERLING CITY 1 3,gen-89,POINT (-100.9155 31.903945456230797),WT,198.75
PANHANDLE 3 1,gen-48,POINT (-101.574972 35.373563420950795),WT,95.52
TAFT 1 0,gen-168,POINT (-97.2859 27.989442342071293),WT,240.12
O DONNELL 2 1,gen-6,POINT (-101.575017 32.91314896301149),WT,216.0
SWEETWATER 3 0,gen-119,POINT (-100.3757 32.34111708180161),WT,109.8
WINGATE 2,gen-85,POINT (-100.04452000000002 32.194985596652316),WT,294.2
STERLING CITY 1 5,gen-91,POINT (-100.9155 31.897832919132693),WT,198.75
ROSCOE 3 0,gen-113,POINT (-100.6391 32.392220519816696),WT,151.8
MERKEL 2 1,gen-101,POINT (-100.050789 32.29558118049491),WT,144.72
ROUND ROCK 1 1,gen-287,POINT (-97.688846 30.551773781548402),PVe,1.68
BIG SPRING 4 1,gen-9,POINT (-101.299037 31.978464735418992),WT,108.0
BIG SPRING 6 2,gen-23,POINT (-101.418836 32.254155989047106),PVe,276.0
SEBASTIAN 1 0,gen-180,POINT (-97.65780000000001 26.342467843903417),WT,241.92
SARITA 2 1,gen-166,POINT (-97.5283 27.113291412381788),WT,241.2
STERLING CITY 2 2,gen-107,POINT (-100.787789 31.93590609668371),WT,89.76
BAYTOWN 3 3,gen-435,POINT (-94.992237 29.744452912616804),PVe,33.96
TRENT 1 1,gen-93,POINT (-100.232052 32.41110695841859),WT,180.0
ABILENE 2 2,gen-78,POINT (-99.48020000000001 32.61574558201621),WT,240.0
BRUNI 1 1,gen-167,POINT (-98.883678 27.569728758356298),WT,180.0
ROSCOE 5 2,gen-84,POINT (-100.51950000000001 32.3061147297888),WT,289.2
ROUND ROCK 1 4,gen-290,POINT (-97.688846 30.548053455057502),PVe,12.72
HERMLEIGH 3,gen-96,POINT (-100.66020000000002 32.57267420947051),WT,298.8
PORT LAVACA 3,gen-364,POINT (-96.8207 28.550938022513513),PVe,12.0
STERLING CITY 2 1,gen-106,POINT (-100.787789 31.93896115120671),WT,89.76
GOLDTHWAITE 1 4,gen-211,POINT (-98.454067 31.36719664044091),WT,180.0
SWEETWATER 2 0,gen-112,POINT (-100.4129 32.28474629503489),WT,162.0
FORSAN 1,gen-11,POINT (-101.395 32.1278439073388),WT,146.28
BIG SPRING 1 1,gen-5,POINT (-101.11309999999999 31.97341537235251),WT,239.4
PORT LAVACA 4,gen-365,POINT (-96.8207 28.547775761839898),PVe,12.0
JAYTON 3,gen-54,POINT (-100.511567 32.953864265692594),WT,36.0
CUERO 1 5,gen-328,POINT (-97.322036 29.103767186715604),HY,7.2
MARBLE FALLS 1 2,gen-286,POINT (-98.25399300000001 30.539011108264802),HY,26.4
MARBLE FALLS 2 6,gen-311,POINT (-98.3186 30.527320045862904),HY,223.6
MARBLE FALLS 1 1,gen-285,POINT (-98.25399300000001 30.542111678978998),HY,26.4
FALCON HEIGHTS 1 3,gen-125,POINT (-99.1606 26.53737229575089),HY,79.2
CUERO 1 9,gen-332,POINT (-97.322036 29.091184558234406),HY,3.36
CUERO 1 7,gen-330,POINT (-97.322036 29.097476064705695),HY,2.88
BUCHANAN DAM 1 2,gen-104,POINT (-98.38182200000001 30.7153517470437),HY,65.88
FALCON HEIGHTS 1 1,gen-123,POINT (-99.1606 26.543813545452014),HY,37.8
CUERO 1 3,gen-326,POINT (-97.322036 29.110057924211805),HY,1.8
LEWISVILLE 1 2,gen-231,POINT (-96.962366 33.0536891018139),HY,84.0
CUERO 1 2,gen-325,POINT (-97.322036 29.11320314875079),HY,2.88
FALCON HEIGHTS 1 2,gen-124,POINT (-99.1606 26.540592965811413),HY,11.52
MARBLE FALLS 2 5,gen-310,POINT (-98.3186 30.530420989777507),HY,223.6
CUERO 1 6,gen-329,POINT (-97.322036 29.100621673771613),HY,4.32
CUERO 1 8,gen-331,POINT (-97.322036 29.094330359524495),HY,2.88
MARBLE FALLS 2 3,gen-308,POINT (-98.3186 30.536622580674894),HY,72.0
CLIFTON 1 1,gen-200,POINT (-97.3631 31.85640550109459),HY,50.16
AUSTIN 3 4,gen-268,POINT (-97.793768 30.2856526110842),HY,129.6
CUERO 1 1,gen-324,POINT (-97.322036 29.116348277141906),HY,1.8
CUERO 1 4,gen-327,POINT (-97.322036 29.10691260353121),HY,2.88
BUCHANAN DAM 1 1,gen-103,POINT (-98.38182200000001 30.718446672987206),HY,18.0
LEWISVILLE 1 1,gen-230,POINT (-96.962366 33.0548960437181),HY,3.36
MARBLE FALLS 2 4,gen-309,POINT (-98.3186 30.533521834716794),HY,223.6
AUSTIN 3 3,gen-267,POINT (-97.793768 30.286896074684893),HY,21.6
